{
  "all": [
    {
      "imgsrc": "https://add-to-cart-javascript.vercel.app/img/men-1.jpg",
      "imgtitle": "Oxford Shirts",
      "imgprice": 1200,
      "imgrating": "(4.9)",
      "imgratingpath": "./star-fill (1).svg",
      "btnaddto": "Add To Cart"
    },
    {
      "imgsrc": "https://add-to-cart-javascript.vercel.app/img/women-1.jpg",
      "imgtitle": "Tunic",
      "imgprice": 459,
      "imgrating": "(4.4)",
      "imgratingpath": "./star-fill (1).svg",
      "btnaddto": "Add To Cart"
    },
    {
      "imgsrc": "https://add-to-cart-javascript.vercel.app/img/watch-1.jpg",
      "imgtitle": "Huawei Watch Buds",
      "imgprice": 4059,
      "imgrating": "(4.4)",
      "imgratingpath": "./star-fill (1).svg",
      "btnaddto": "Add To Cart"
    },
    {
      "imgsrc": "https://add-to-cart-javascript.vercel.app/img/men-2.jpg",
      "imgtitle": "Short Sleeve Shirt",
      "imgprice": 800,
      "imgrating": "(4.9)",
      "imgratingpath": "./star-fill (1).svg",
      "btnaddto": "Add To Cart"
    },
    {
      "imgsrc": "https://add-to-cart-javascript.vercel.app/img/women-2.jpg",
      "imgtitle": "Culotte Dress",
      "imgprice": 2459,
      "imgrating": "(4.4)",
      "imgratingpath": "./star-fill (1).svg",
      "btnaddto": "Add To Cart"
    },
    {
      "imgsrc": "https://add-to-cart-javascript.vercel.app/img/watch-2.jpg",
      "imgtitle": "Fire Boltt Dazzle",
      "imgprice": 1999,
      "imgrating": "(4.4)",
      "imgratingpath": "./star-fill (1).svg",
      "btnaddto": "Add To Cart"
    },
    {
      "imgsrc": "https://add-to-cart-javascript.vercel.app/img/men-3.jpg",
      "imgtitle": "Cuban Collar Shirt",
      "imgprice": 499,
      "imgrating": "(4.9)",
      "imgratingpath": "./star-fill (1).svg",
      "btnaddto": "Add To Cart"
    },
    {
      "imgsrc": "https://add-to-cart-javascript.vercel.app/img/women-3.jpg",
      "imgtitle": "Babydoll",
      "imgprice": 1159,
      "imgrating": "(4.0)",
      "imgratingpath": "./star-fill (1).svg",
      "btnaddto": "Add To Cart"
    },
    {
      "imgsrc": "https://add-to-cart-javascript.vercel.app/img/watch-3.jpg",
      "imgtitle": "Google Pixel",
      "imgprice": 2059,
      "imgrating": "(4.4)",
      "imgratingpath": "./star-fill (1).svg",
      "btnaddto": "Add To Cart"
    },
    {
      "imgsrc": "https://add-to-cart-javascript.vercel.app/img/men-4.jpg",
      "imgtitle": "T-shirt",
      "imgprice": 700,
      "imgrating": "(3.9)",
      "imgratingpath": "./star-fill (1).svg",
      "btnaddto": "Add To Cart"
    },
    {
      "imgsrc": "https://add-to-cart-javascript.vercel.app/img/women-4.jpg",
      "imgtitle": "Wrap around",
      "imgprice": 4059,
      "imgrating": "(4.4)",
      "imgratingpath": "./star-fill (1).svg",
      "btnaddto": "Add To Cart"
    },
    {
      "imgsrc": "https://add-to-cart-javascript.vercel.app/img/watch-4.jpg",
      "imgtitle": "Titan Power",
      "imgprice": 459,
      "imgrating": "(4.4)",
      "imgratingpath": "./star-fill (1).svg",
      "btnaddto": "Add To Cart"
    
    }
  ],
  "men": [
    {
      "imgsrc": "https://add-to-cart-javascript.vercel.app/img/men-1.jpg",
      "imgtitle": "Oxford Shirts",
      "imgprice": 1200,
      "imgrating": "(4.9)",
      "imgratingpath": "./star-fill (1).svg",
      "btnaddto": "Add To Cart"
    },
    {
      "imgsrc": "https://add-to-cart-javascript.vercel.app/img/men-2.jpg",
      "imgtitle": "Short-Sleeve Shirt",
      "imgprice": 800,
      "imgrating": "(4.9)",
      "imgratingpath": "./star-fill (1).svg",
      "btnaddto": "Add To Cart"
    },
    {
      "imgsrc": "https://add-to-cart-javascript.vercel.app/img/men-3.jpg",
      "imgtitle": "Cuban Collar Shirt",
      "imgprice": 499,
      "imgrating": "(4.9)",
      "imgratingpath": "./star-fill (1).svg",
      "btnaddto": "Add To Cart"
    },
    {
      "imgsrc": "https://add-to-cart-javascript.vercel.app/img/men-4.jpg",
      "imgtitle": "T-shirt",
      "imgprice": 700,
      "imgrating": "(3.9)",
      "imgratingpath": "./star-fill (1).svg",
      "btnaddto": "Add To Cart"
    }
  ],
  "women": [
    {
      "imgsrc": "https://add-to-cart-javascript.vercel.app/img/women-1.jpg",
      "imgtitle": "Tunic",
      "imgprice": 459,
      "imgrating": "(4.4)",
      "imgratingpath": "./star-fill (1).svg",
      "btnaddto": "Add To Cart"
    },
    {
      "imgsrc": "https://add-to-cart-javascript.vercel.app/img/women-2.jpg",
      "imgtitle": "Culotte dress",
      "imgprice": 2459,
      "imgrating": "(4.4)",
      "imgratingpath": "./star-fill (1).svg",
      "btnaddto": "Add To Cart"
    },
    {
      "imgsrc": "https://add-to-cart-javascript.vercel.app/img/women-3.jpg",
      "imgtitle": "Babydoll",
      "imgprice": 1159,
      "imgrating": "(4.0)",
      "imgratingpath": "./star-fill (1).svg",
      "btnaddto": "Add To Cart"
    },
    {
      "imgsrc": "https://add-to-cart-javascript.vercel.app/img/women-4.jpg",
      "imgtitle": "Wrap around",
      "imgprice": 4059,
      "imgrating": "(4.4)",
      "imgratingpath": "./star-fill (1).svg",
      "btnaddto": "Add To Cart"
    }
  ],
  "watch": [
    {
      "imgsrc": "https://add-to-cart-javascript.vercel.app/img/watch-1.jpg",
      "imgtitle": "Huawei Watch Buds",
      "imgprice": 4059,
      "imgrating": "(4.4)",
      "imgratingpath": "./star-fill (1).svg",
      "btnaddto": "Add To Cart"
    },
    {
      "imgsrc": "https://add-to-cart-javascript.vercel.app/img/watch-2.jpg",
      "imgtitle": "Fire Boltt Dazzle",
      "imgprice": 1999,
      "imgrating": "(4.4)",
      "imgratingpath": "./star-fill (1).svg",
      "btnaddto": "Add To Cart"
    },
    {
      "imgsrc": "https://add-to-cart-javascript.vercel.app/img/watch-3.jpg",
      "imgtitle": "Google Pixel",
      "imgprice": 2059,
      "imgrating": "(4.4)",
      "imgratingpath": "./star-fill (1).svg",
      "btnaddto": "Add To Cart"
    },
    {
      "imgsrc": "https://add-to-cart-javascript.vercel.app/img/watch-4.jpg",
      "imgtitle": "titan Power",
      "imgprice": 459,
      "imgrating": "(4.4)",
      "imgratingpath": "./star-fill (1).svg",
      "btnaddto": "Add To Cart"
    }
  ]
}